event_id,event_type,actual_start_utc,actual_end_utc,scope_type,azimuth_start_deg,azimuth_end_deg,min_altitude_deg,max_altitude_deg,magnitude,severity,force_close,zero_score,seeing_multiplier,transparency_multiplier,sky_quality_multiplier,instrument_efficiency_multiplier
SIM-EV-010,rainy,2026-10-10T04:15:00Z,2026-10-10T04:30:00Z,HORIZON_SECTOR,42.900335,85.225065,30.000000,61.864038,,0.763893,false,false,0.700000,0.730000,0.750000,0.940000
SIM-EV-008,smoggy,2026-10-11T04:15:00Z,2026-10-11T04:45:00Z,HORIZON_SECTOR,43.507293,117.351139,30.000000,68.055546,,0.706585,false,false,0.920000,0.880000,0.700000,0.970000
SIM-EV-009,rainy,2026-10-11T04:30:00Z,2026-10-11T05:30:00Z,HORIZON_SECTOR,278.983798,336.509691,30.000000,81.823565,,0.572670,false,false,0.700000,0.730000,0.750000,0.940000
SIM-CLOSE-001,rocket_launch,2026-10-14T00:15:00Z,2026-10-14T00:30:00Z,ALL,,,,,,0.889229,true,false,1.000000,1.000000,1.000000,1.000000
SIM-FAULT-001,instrument_fault,2026-10-15T00:30:00Z,2026-10-15T01:30:00Z,ALL,,,,,,0.659216,false,false,1.000000,1.000000,1.000000,0.648932
SIM-EV-006,smoggy,2026-10-17T08:15:00Z,2026-10-17T08:30:00Z,HORIZON_SECTOR,259.321905,314.660763,30.000000,70.922251,,0.421413,false,false,0.920000,0.880000,0.700000,0.970000
SIM-EV-005,rainy,2026-10-20T01:15:00Z,2026-10-20T02:00:00Z,HORIZON_SECTOR,353.595230,66.461505,30.000000,69.826279,,0.533268,false,false,0.700000,0.730000,0.750000,0.940000
SIM-CLOSE-002,rocket_launch,2026-10-20T07:00:00Z,2026-10-20T07:15:00Z,ALL,,,,,,0.919467,true,false,1.000000,1.000000,1.000000,1.000000
SIM-EV-003,cloudy,2026-10-22T01:30:00Z,2026-10-22T02:00:00Z,HORIZON_SECTOR,65.978531,116.041192,30.000000,62.563470,,0.531686,false,false,0.850000,0.780000,0.730000,0.960000
SIM-CLOSE-003,rocket_launch,2026-10-24T02:30:00Z,2026-10-24T03:00:00Z,ALL,,,,,,0.950704,true,false,1.000000,1.000000,1.000000,1.000000
SIM-FAULT-002,instrument_fault,2026-10-30T02:00:00Z,2026-10-30T02:45:00Z,ALL,,,,,,0.359973,false,false,1.000000,1.000000,1.000000,0.454068
SIM-EV-007,cold_wave,2026-11-03T06:15:00Z,2026-11-03T06:30:00Z,HORIZON_SECTOR,256.072266,314.288387,30.000000,78.799300,,0.700331,false,false,1.100000,0.830000,0.780000,0.920000
SIM-EV-001,smoggy,2026-11-08T03:15:00Z,2026-11-08T04:00:00Z,HORIZON_SECTOR,36.468106,133.027866,30.000000,77.523807,,0.618086,false,false,0.920000,0.880000,0.700000,0.970000
SIM-EV-002,smoggy,2026-11-11T07:00:00Z,2026-11-11T08:15:00Z,HORIZON_SECTOR,83.670004,200.393345,30.000000,77.740562,,0.657189,false,false,0.920000,0.880000,0.700000,0.970000
SIM-FAULT-003,instrument_fault,2026-11-13T03:30:00Z,2026-11-13T03:45:00Z,ALL,,,,,,0.558371,false,false,1.000000,1.000000,1.000000,0.378667
SIM-EV-004,tornado,2026-11-15T05:15:00Z,2026-11-15T06:15:00Z,HORIZON_SECTOR,103.578805,201.222722,30.000000,64.544202,,0.646552,false,false,0.880000,0.820000,0.800000,0.950000
